{
    "点头": [
        [
            193.15536305033396,
            0.0011188673973426008,
            241.8068028604937,
            -3.087596645594344,
            1.1733135656505338,
            -8.758769574820165e-05
        ],
        [
            191.9614113320888,
            1.4201143894009867,
            213.7796806015851,
            -0.04408747197886938,
            1.0881808613269928,
            -3.048733551383531
        ],
        [
            192.62838680389507,
            -0.07178038491711942,
            242.99598191068225,
            -3.0882041504803275,
            1.1338222960637974,
            0.005139825015537515
        ],
        [
            190.96036382682652,
            1.4886510556320558,
            212.00751623500557,
            -0.039577269680814646,
            1.0264968561008865,
            -3.05436545569641
        ],
        [
            195.68293045172743,
            0.7934458317922848,
            227.4881966271436,
            -0.4215028613881069,
            1.5182023262909632,
            -2.6665575280972966
        ]
    ],
    "磕头": [
        [
            337.4319126139764,
            4.518810663289315,
            139.21277158936772,
            -3.0561532115726426,
            1.3707593967074836,
            -0.06398496831182798
        ],
        [
            297.63360083469473,
            4.2785241851378055,
            -28.40530057514814,
            0.024598229474091852,
            0.37299217648521893,
            -3.1273083765785175
        ],
        [
            337.4319126139764,
            4.518810663289315,
            139.21277158936772,
            -3.0561532115726426,
            1.3707593967074836,
            -0.06398496831182798
        ],
        [
            301.06868630322003,
            5.051063835429927,
            -18.110630249613024,
            0.023675476370802744,
            0.3239050341387203,
            -3.1049637781476416
        ],
        [
            195.68246869701642,
            3.6327859071403066,
            211.63122630720218,
            -0.1500180929859608,
            1.3182322520764371,
            -2.9669084382832778
        ]
    ],
    "摇头": [
        [
            177.9917093152191,
            0.15875964860177713,
            250.86723947490216,
            -0.0800633472619791,
            1.4705018201763327,
            -3.093525918160943
        ],
        [
            145.2383107303966,
            -102.89352472800154,
            250.8664976825396,
            1.3999447898585122,
            0.9512535675866398,
            1.7439043223698003
        ],
        [
            150.11320155404457,
            95.64302482602963,
            250.8664701367006,
            -1.4473253670164317,
            0.9918293623665461,
            -1.7546217582187895
        ],
        [
            177.87312365393336,
            6.51684063864991,
            250.86685634226632,
            -0.41640176908098053,
            1.4627398761663857,
            -2.7581199328366655
        ]
    ],
    "跳舞": [
        [
            125.44458458891654,
            1.5917858509549272,
            256.78532267845435,
            -0.38137189772475755,
            1.4326828198095127,
            -2.819682573455286
        ],
        [
            84.78280860330818,
            -86.66213887000941,
            277.761109668281,
            2.0707294214010057,
            0.6528282925163745,
            0.8819626573446159
        ],
        [
            114.14155867973284,
            92.44598336112423,
            93.17110688623615,
            -0.6831630712545295,
            0.22391509545928076,
            -2.9206450595552087
        ],
        [
            99.46027219142951,
            117.46673823613736,
            122.05877842448413,
            -1.385357233958242,
            -0.2247250269226104,
            -1.648837253897661
        ],
        [
            103.17521017610281,
            -131.3218900386845,
            125.34304489065198,
            1.6931339426617475,
            0.6230620040316642,
            1.2686342629875138
        ],
        [
            86.0361444936003,
            -107.98903574219875,
            245.94991934599486,
            1.7699716634834222,
            0.636922177365711,
            1.159047132041461
        ],
        [
            131.3031490408802,
            -167.01530560753588,
            172.99313815296023,
            1.9620471595811957,
            0.49262071423677967,
            0.8222662984535476
        ],
        [
            256.4111355121846,
            -5.872434555340519,
            -36.018426024826276,
            0.040344539221175264,
            1.171486984769482,
            3.0441480296270305
        ],
        [
            116.91233386863289,
            108.31966594989628,
            114.20677089765996,
            -0.8340288625291923,
            0.020653418992774532,
            -3.087328898353385
        ]
    ],
    "抓取模式": [
        [
            187.6149230203621,
            0.19847839133116046,
            143.1046443664361,
            0.06283093661580097,
            0.24477190523332693,
            -3.135393332884675
        ]
    ],
    "立正": [
        [
            123.86781126192831,
            0.20018787888420325,
            293.1926901970508,
            -2.779752629762216,
            1.554806055643521,
            -0.390322212174073
        ]
    ],
    "右": [
        [
            17.25824291848278,
            -122.67129784261351,
            293.17739547821054,
            1.548128323211555,
            0.1441573315223407,
            1.556162395038656
        ]
    ],
    "左": [
        [
            7.060263750276102,
            123.67887324930149,
            293.1788465222567,
            -1.5963205056858676,
            0.052599865001065144,
            -1.556249786792327
        ]
    ],
    "换电": [
        [
            -4880,
            -787275,
            229120,
            5328,
            -39152,
            5897
        ]
    ]
}