{
    "res": [
        0,
        0,
        0,
        0,
        0,
        0
    ],
    "zero": [
        44000,
        48864,
        -99990,
        40003,
        0,
        0
    ],
    "zero_pose": [
        124.83394663451219,
        0.0,
        7.5375397902872585,
        0.3146457169241466,
        0.4344812121189281,
        -3.141592653589793
    ]
}