{
    "res": [
        0,
        0,
        0,
        0,
        0,
        0
    ],
    "zero": [
        222,
        3649,
        46462,
        16529,
        45848,
        4909
    ],
    "zero_pose": [
        212.6780147757499,
        -0.008595470952314645,
        174.7365548995827,
        -0.05488580558178437,
        1.5641305671108854,
        3.132217683652705
    ]
}