{
    "res": [
        0,
        0,
        0,
        0,
        0,
        0
    ],
    "zero": [
        10008,
        10018,
        -599989,
        9993,
        0,
        0
    ],
    "zero_pose": [
        148.64259402243164,
        -4.594459026826404,
        300.5680888983022,
        2.8631664288840897,
        0.7291229155184644,
        0.027616124042259965
    ]
}