{
    "res": [
        0,
        0,
        0,
        0,
        0,
        0
    ],
    "zero": [
        27,
        33048,
        -4,
        26560,
        40755,
        -32
    ],
    "zero_pose": [
        212.6411868388376,
        0.0,
        175.20255517067835,
        3.1345977011970345,
        1.5702107844141495,
        -0.0
    ]
}